{"acc": 0.7707460387855785, "loss": 0.2598419260771718, "_timestamp": 1720346548.086486, "_runtime": 12.143058061599731, "_step": 7, "_wandb": {"runtime": 11}}